expediente,titulo,organo,provincia,fecha_actualizacion,fecha_limite,presupuesto,cpv,categorias,relevancia,coincidencias,enlace,fuente,texto
https://contrataciondelestado.es/sindicacion/licitacionesPerfilContratante/19772953,"""Servicios externos de Asistencia Técnica para la gestión del Plan de Actuación Integrado (PAI) Plan EDIL Costa Teguise"" en el marco de la Convocatoria de Desarrollo Urbano Sostenible, con cargo al Fondo Europeo de Desarrollo Regional (FEDER) en el periodo de programación 2021-2027.""",Sin identificar,Valencia,2026-09-11T11:52:38.881+02:00,2026-06-30 23:59:00,350403.71 EUR,"79411000, 73220000",Planificación urbana; Desarrollo local,98,"desarrollo urbano sostenible, desarrollo urbano",https://contrataciondelestado.es/wps/poc?uri=deeplink:detalle_licitacion&idEvl=H5W6u4Tx1nK2gkLQ8TeYKA%3D%3D,PLACSP - perfiles,"""Servicios externos de Asistencia Técnica para la gestión del Plan de Actuación Integrado (PAI) Plan EDIL Costa Teguise"" en el marco de la Convocatoria de Desarrollo Urbano Sostenible, con cargo al Fondo Europeo de Desarrollo Regional (FEDER) en el periodo de programación 2021-2027."" | ""Servicios externos de Asistencia Técnica para la gestión del Plan de Actuación Integrado (PAI) Plan EDIL Costa Teguise"" en el marco de la Convocatoria de Desarrollo Urbano Sostenible, con cargo al Fondo Europeo de Desarrollo Regional (FEDER) en el periodo de programación 2021-2027."" | España | Id licitación: 2026/1983; Órgano de Contratación: Alcaldía del Ayuntamiento de Teguise ; Importe: 350403.71 EUR; Estado: ADJ"
https://contrataciondelestado.es/sindicacion/licitacionesPerfilContratante/20068168,"Servicio de asistencia técnica para la gestión, seguimiento y control del PAI Huelva Distrito H, en el marco de desarrollo urbano sostenible, con cargo al Fondo Europeo de Desarrollo Regional en el periodo de programación 2021-2027.",Sin identificar,Castellón,2026-09-14T08:50:05.813+02:00,2026-08-13 23:59:00,223156.57 EUR,71356200,Planificación urbana; Desarrollo local,88,"desarrollo urbano sostenible, desarrollo urbano",https://contrataciondelestado.es/wps/poc?uri=deeplink:detalle_licitacion&idEvl=MOT%2FSC6raD7%2Fa9DgO%2BoYKQ%3D%3D,PLACSP - perfiles,"Servicio de asistencia técnica para la gestión, seguimiento y control del PAI Huelva Distrito H, en el marco de desarrollo urbano sostenible, con cargo al Fondo Europeo de Desarrollo Regional en el periodo de programación 2021-2027. | Servicio de asistencia técnica para la gestión, seguimiento y control del PAI Huelva Distrito H, en el marco de desarrollo urbano sostenible, con cargo al Fondo Europeo de Desarrollo Regional en el periodo de programación 2021-2027. | España | Id licitación: 47/2026; Órgano de Contratación: Junta de Gobierno del Ayuntamiento de Huelva; Importe: 223156.57 EUR; Estado: EV"
https://contrataciondelestado.es/sindicacion/licitacionesPerfilContratante/19179377,"Servicio de representación, asesoría y defensa letrada del Ayuntamiento de Vila-real",Sin identificar,Castellón,2026-09-14T10:58:31.034+02:00,2026-03-20 23:59:00,732586.18 EUR,"79100000, 79112000, 79110000, 79111000",Planificación territorial/urbanística,38,"ordenación del territorio, ordenacion del territorio",https://contrataciondelestado.es/wps/poc?uri=deeplink:detalle_licitacion&idEvl=K%2BXLNqj5E3IQyBAnWzHfCg%3D%3D,PLACSP - perfiles,"Servicio de representación, asesoría y defensa letrada del Ayuntamiento de Vila-real | Servicio de representación, asesoría y defensa letrada del Ayuntamiento de Vila-real | España | De acuerdo a lo establecido en el artículo 29.4 LCSP cuando al vencimiento del
contrato no se hubiera formalizado el nuevo contrato que garantice la continuidad de
la prestación a realizar por el contratista, como consecuencias de incidencias
resultantes de acontecimientos imprevisibles para el órgano de contratación,
producidas en el procedimiento de adjudicación y existan razones de interés público
para no interrumpir la prestación, se podrá prorrogar el contrato originario hasta que
comience la ejecución del nuevo contrato y, en todo caso, por un periodo máximo de
nueve meses, sin modificar las restantes condiciones del contrato, siempre que el
anuncio de licitación del nuevo contrato se haya publicado con una antelación de tres
meses respecto de la fecha de finalización del contrato originario. | Cuando se trate de una persona FÍSICA : Una relación de los principales servicios o trabajos realizados en los últimos tres años en materia de servicios jurídicos profesionales con el mismo CPV, que incluya importe, datos y
destinatarios públicos o privados de estos, del personal responsable de la ejecución del contrato. Los servicios o trabajos efectuados se acreditarán mediante certificados de buena ejecución, expedidos o visados por el órgano de contratación competente, cuando el destinatario sea un sujeto privado mediante una declaración responsable de este y la documentación justificativa. Requisitos mínimos: haber ejecutado o estar ejecutando, al
menos, TRES contratos, con los mismos CPVs recogidos en el presente pliego por una
cuantía mínima de procedimiento de 15.000 euros con IVA cada uno .

Cuando se trate de una persona JURÍDICA: Una relación de los principales servicios o trabajos realizados en materia de servicios jurídicos profesionales en los últimos 3 años que incluya importe, datos y destinatarios
públicos o privados de estos, del personal responsable de la ejecución del contrato. Los
servicios o trabajos efectuados por la empresa se acreditarán mediante certificados de
buena ejecución expedidos o visados por el órgano de contratación competente, cuando el
destinatario sea un sujeto privado mediante una declaración responsable de este y la
documentación justificativa. Requisitos mínimos: Haber ejecutado o estar ejecutando, al
menos, 3 contratos, con los mismos CPVs recogidos en el presente pliego por una cuantía
mínima de procedimiento de 15.000 euros con IVA cada uno.

(Ver cláusula 4.3 del PCAP) | Cuando el licitador sea una persona FÍSICA: Una declaración del material, instalaciones y equipo técnico de que dispone el empresario para la realización del contrato. Como solvencia mínima tendrá que justificar
tener despacho abierto mediante declaración responsable (a estos efectos se podrá requerir
documentación justificativa que lo demuestre), así como disponer de al menos 1 base de
datos y suscripción a publicaciones jurídicas (lo que se acreditara bien a través de contrato o
factura prepagada).

Cuando se trate de una persona JURÍDICA: Una declaración del material, instalaciones y equipo técnico de que dispone el
empresario para la realización del contrato. Como solvencia mínima tendrá que justificar
tener despacho abierto mediante declaración responsable, así como disponer de al menos 1
base de datos y suscripción a publicaciones jurídicas. En el caso del LOTE IV no será
necesario disponer de base de datos ni suscripción a publicaciones.
Se acreditará con los siguientes medios de acuerdo con lo que dispone el artículo 90 LCSP.
Ver cláusula 4.3 PCAP | Cualificación y experencia | Publicaciones: Se valorará a los licitadores por cualquier publicación con número ISNN o ISBN, que tenga relación con la materia objeto del Lote o Lotes a los que se licita de acuerdo con las puntuaciones de cláusula 9A3.1 del PCAP. En caso de licitarse a varios lotes, las publicaciones podrán ser puntuadas de igual manera para los lotes a los que se licita. Se deberá aportar documentación justificativa que permita valorar la veracidad de dichas publicaciones. Sin la aportación de dicha documentación no se valorará este criterio de adjudicación.

Experiencia: Se valorará la experiencia en la actividad profesional privada de acuerdo con las puntuaciones de la  cláusula 9A3.2 del PCAP. Se deberá aportar la documentación justificativa que permita valorar la veracidad de la
experiencia citada. Sin la aportación de dicha documentación no se valorará este criterio de adjudicación.

Sentencias Favorables: Se valorarán las sentencias firmes favorables obtenidas en las materias en relación al lote o lotes a los que se licita en los ejercicios 2021 a 2025 (ambos inclusive), en relación con las cuales se acredite que la defensa ha sido ejercida por el letrado que va a ser adscritos al servicio conforme a las puntuaciones de la cláusula 9A3.3 del PCAP. Para poder valorar este criterio deberá aportarse el texto íntegro de las sentencias, con la
correspondiente anonimización de datos personales. Únicamente computará una sentencia
favorable por procedimiento, sin que por tanto se puedan acumular a efectos de valoración
las sentencias recaídas en su caso en las sucesivas instancias de un mismo procedimiento. | Proposición económica | Se otorgará un máximo de 25 puntos a la oferta que presente un mayor porcentaje de baja único
para todos los precios unitarios del Anexo I, el resto de ofertas se valorarán proporcionalmente a la
baja ofrecida con respecto a la más económica de acuerdo con la fórmula recogida en la cláusula 9 A1.1 del PCAP

Se otorgará un máximo de 5 puntos a la oferta que presente un mayor porcentaje de baja
ofrecida respecto de la parte del contrato relativa a la emisión de informes o trabajos jurídicos
encargados por el Ayuntamiento de Vila-real, el resto de ofertas se valorarán proporcionalmente de
acuerdo con la fórmula recogida en la cláusula 9 A1.2 del PCAP | Reducción del plazo para la emisión de informes y número de reuniones y acompañamientos gratuitos | Se valorará la reducción del plazo de acuerdo con  la cláusula 9.A2.1 del PCAP siendo el plazo para la presentación de los informes y trabajos jurídicos contenidos en el punto B de las prestaciones objeto del contrato de 20 días naturales. 

Se valorará el acompañamiento a reuniones fuera del municipio de Vila-real y reuniones en el ayuntamiento a coste 0 (incluidos acompañamientos a testificales)  de conformidad con  la cláusula 9.A2.2 del PCAP | Memoria de organización del servicio | Se valorará la memoria en base de organización del servicio, atendiendo a los apartados señalados en la cláusula 9.B1 del PCAP.
La memoria deberá tener como máximo 10 caras es decir 5 folios, en letra Arial y tamaño 11p | Asesoramiento Jurídico así como representación y defensa en: Ámbito Contencioso-Administrativo, en su especialidad urbanismo y ordenación del territorio que podrá conllevar igualmente las acciones oportunas ante las diferentes instancias. | Cuando se trate de una persona FÍSICA : Una relación de los principales servicios o trabajos realizados en los últimos tres años en materia de servicios jurídicos profesionales con el mismo CPV, que incluya importe, datos y
destinatarios públicos o privados de estos, del personal responsable de la ejecución del contrato. Los servicios o trabajos efectuados se acreditarán mediante certificados de buena ejecución, expedidos o visados por el órgano de contratación competente, cuando el destinatario sea un sujeto privado mediante una declaración responsable de este y la documentación justificativa. Requisitos mínimos: haber ejecutado o estar ejecutando, al
menos, TRES contratos, con los mismos CPVs recogidos en el presente pliego por una
cuantía mínima de procedimiento de 15.000 euros con IVA cada uno .

Cuando se trate de una persona"
https://contrataciondelestado.es/sindicacion/licitacionesPerfilContratante/19715297,"Servicio de asistencia técnica en la Redacción del Plan General Municipal, según la Ley 11/2018, de 21 de diciembre, de ordenación territorial y urbanística sostenible de Extremadura.",Sin identificar,Alicante,2026-09-15T14:02:25.329+02:00,2026-06-12 23:59:00,100000 EUR,"71400000, 71410000",Planificación territorial/urbanística,72,plan general,https://contrataciondelestado.es/wps/poc?uri=deeplink:detalle_licitacion&idEvl=M5KzAz0WqZjI8aL3PRS10Q%3D%3D,PLACSP - perfiles,"Servicio de asistencia técnica en la Redacción del Plan General Municipal, según la Ley 11/2018, de 21 de diciembre, de ordenación territorial y urbanística sostenible de Extremadura. | Servicio de asistencia técnica en la Redacción del Plan General Municipal, según la Ley 11/2018, de 21 de diciembre, de ordenación territorial y urbanística sostenible de Extremadura. | España | Id licitación: 26/2026 pueblonuevo; Órgano de Contratación: Alcaldía del Ayuntamiento de Pueblonuevo de Miramontes; Importe: 100000 EUR; Estado: EV"
https://contrataciondelestado.es/sindicacion/licitacionesPerfilContratante/19798526,Servicio de asistencia técnica especializada para la regularización de la cesión de terrenos de titularidad municipal de la parcela actual donde se ubica la planta de transferencia de SAG.,Sin identificar,Valencia,2026-09-16T08:45:03.573+02:00,2026-09-12 23:59:00,1477.34 EUR,"71000000, 71400000, 71300000",Planificación urbana,48,"planificación urbana, planificacion urbana",https://contrataciondelestado.es/wps/poc?uri=deeplink:detalle_licitacion&idEvl=2GVfq1ctfUF70UvEyYJSGw%3D%3D,PLACSP - perfiles,Servicio de asistencia técnica especializada para la regularización de la cesión de terrenos de titularidad municipal de la parcela actual donde se ubica la planta de transferencia de SAG. | Servicio de asistencia técnica especializada para la regularización de la cesión de terrenos de titularidad municipal de la parcela actual donde se ubica la planta de transferencia de SAG. | España | 71300000-Servicios de ingeniería. | 71400000-Servicios de planificación urbana y de arquitectura paisajística. | Id licitación: ESP08 SDASAG2025-05; Órgano de Contratación: Dirección General Societat Anonima de Gestió Sagunt Mitja Propi Municipal S.A.; Importe: 1477.34 EUR; Estado: RES
https://contrataciondelestado.es/sindicacion/licitacionesPerfilContratante/18154859,Acuerdo Marco de Servicios de Coordinación en materia de seguridad y salud en las obras o actuaciones y redacción de proyectos de obras en espacios públicos y equipamientos (2 LOTES) a ejecutar por el Distrito de Chamberí en el ejercicio de sus competencias.,Sin identificar,Alicante,2026-09-16T13:53:45.067+02:00,2026-04-26 23:59:00,627885.51 EUR,"71000000, 71317210",Accesibilidad,56,"accesibilidad universal, supresión de barreras, supresion de barreras, barreras arquitectónicas, barreras arquitectonicas",https://contrataciondelestado.es/wps/poc?uri=deeplink:detalle_licitacion&idEvl=ryeBsPIDOB6P66GS%2BONYvQ%3D%3D,PLACSP - perfiles,"Acuerdo Marco de Servicios de Coordinación en materia de seguridad y salud en las obras o actuaciones y redacción de proyectos de obras en espacios públicos y equipamientos (2 LOTES) a ejecutar por el Distrito de Chamberí en el ejercicio de sus competencias. | Acuerdo Marco de Servicios de Coordinación en materia de seguridad y salud en las obras o actuaciones y redacción de proyectos de obras en espacios públicos y equipamientos (2 LOTES) a ejecutar por el Distrito de Chamberí en el ejercicio de sus competencias. | España | Prórroga: SÍ Procede
Duración: La prórroga tendrá un plazo de duración máximo de 24 meses. | Títulos académicos y profesionales del empresario y de los directivos de la empresa y, en particular, del responsable o responsables de la ejecución del contrato, así como de los técnicos encargados directamente de la misma, siempre que no se evalúen como un criterio de adjudicación: Un técnico que desempeñará su trabajo como interlocutor de la empresa: 1 Arquitecto y/o ingeniero industrial o de caminos, que tendrá la titulación correspondiente y deberá acreditar una experiencia de al menos 10 años, (obtenida en los últimos 15 años) en el desempeño de labores como las que son objeto del acuerdo marco. Dichos requisitos se acreditarán mediante copia cotejada de su título académico y Currículum Vitae.
- Un equipo mínimo de TRES Técnicos de Seguridad y Salud o Coordinadores: Deberán tener la titulación de grado medio o superior prevista en la Ley 38/1999, de Ordenación de la Edificación (arquitecto, arquitecto técnico, ingeniero o ingeniero técnico) y además la de Técnico Superior en Prevención de Riesgos Laborales, al menos en la especialidad de Seguridad en el Trabajo, y con una experiencia mínima de 3 años, (obtenida en los últimos 10 años) en materia de Seguridad y Salud Laboral en obras de
construcción y capacitados legalmente para desarrollar las funciones que el Real Decreto 1627/1997 de 24 de octubre, por el que se establecen disposiciones mínimas de seguridad y salud en las obras de construcción, atribuye a los Coordinadores de Seguridad y Salud.
Los TRES técnicos ostentarán la titulación y experiencia requeridas.
Dichos requisitos se acreditarán mediante copia cotejada de su título académico y Currículum Vitae.
Deberá acreditarse la inscripción de los tres Técnicos o Coordinadores propuestos, en el Registro de Coordinadores del Instituto Regional de Seguridad y Salud en el Trabajo de la Comunidad de Madrid, mediante copia cotejada del documento oficial expedido por la Administración competente. | Requisitos mínimos de solvencia y acreditación documental: Los licitadores deberán acreditar su solvencia mediante certificados de buena ejecución o en
caso de no ser posible, mediante declaración responsable del empresario donde ponga de manifiesto la realización de prestaciones de servicios de similares
características a las del objeto de este lote, finalizadas en los últimos años: 2023 (desde el momento que coincida con la fecha final de presentación de ofertas),
2024, 2025 y 2026 (hasta la fecha final de presentación de ofertas) y siendo requisito que el importe anual acumulado en el año de mayor ejecución sea igual
o superior a 40.000 € (IVA excluido).
En el citado certificado, se indicarán fechas del lugar de ejecución y se expresará la conformidad del promotor con los trabajos realizados. Los certificados de
buena ejecución cuyo destinatario fuera una entidad del sector público, podrán ser comunicados directamente al órgano de contratación por la entidad
contratante de los Servicios. Si el destinatario fuese un sujeto privado, los trabajos efectuados se acreditarán mediante un certificado expedido por éste o,
a falta de este certificado, mediante una declaración del empresario.
Los certificados de buena ejecución deberán incluir los CPV correspondientes a este lote, (Código CPV: 71.000000-8. Servicios de arquitectura, construcción,
ingeniería e inspección y Código CPV: 71.317210-8. Servicios de consultoría en salud y seguridad). | Compromiso de adscripción a la ejecución de los contratos basados de medios personales y/o materiales. Este compromiso de adscripción es obligación contractual esencial | Volumen anual de negocios, o bien volumen anual de negocios en el ámbito al que se refiera el contrato, referido al mejor ejercicio dentro de los
tres últimos disponibles en función de las fechas de constitución o de inicio de actividades del empresario y de presentación de las ofertas por importe igual o
superior al exigido en el anuncio de licitación o en la invitación a participar en el procedimiento y en los pliegos del contrato o, en su defecto, al establecido
reglamentariamente.
Requisitos mínimos de solvencia y acreditación documental: Se requiere para concurrir a la licitación de este lote, como requisito mínimo de solvencia, que el
volumen de negocios referido al ámbito del objeto del contrato, en el año de mayor ejecución de los tres últimos años: 2023, 2024 y 2025, sea mayor o igual
al importe de 100.000,00 euros.
Medios para acreditar la solvencia: El volumen anual de negocios del licitador o candidato se acreditará mediante declaración responsable del representante
legal de la empresa en la que se refleje el volumen anual de negocios en relación la prestación del servicio de similares características a las del objeto del
contrato, ejecutadas en los años indicados en el párrafo anterior. | Mejoras. | CURSO DE FORMACIÓN EN ACCESIBILIDAD UNIVERSAL Y SUPRESIÓN DE BARRERAS ARQUITECTÓNICAS PARA EL PERSONAL TÉCNICO DE LA EMPRESA QUE SE ADSCRIBA AL CONTRATO. La empresa licitadora que presente el compromiso de realizar un curso de formación (de 20 horas) en accesibilidad y supresión de barreras arquitectónicas, impartido al personal técnico de la empresa que
adscriba al contrato, obtendrá 20 puntos.
CURSO DE FORMACIÓN EN SEGURIDAD EN CASO DE INCENDIOS PARA EL PERSONAL TÉCNICO DE LA EMPRESA QUE SE ADSCRIBA AL CONTRATO. La empresa licitadora que presente el compromiso de realizar un curso de formación (de 20 horas) en accesibilidad y supresión de barreras arquitectónicas, impartido al personal técnico de la empresa que adscriba al contrato, obtendrá 20 puntos.
La presentación de esta oferta quedará reflejada en el SOBRE C. Al finalizar el año, se presentará documento que acredite que el/los curso/s se ha/n impartido con la asistencia (firma) del personal técnico adscrito al contrato. En Dicho documento figurará el Nombre del Curso, nombre del profesorado / ponente, nombre de los asistentes y duración del curso. | Oferta económica - Precio | Se pondera con un máximo de treinta y cinco (35) puntos, que se le atribuirán a la oferta más económica para el Distrito y cero (0) puntos a la/s que no ofrezca/n baja
alguna, asignando al resto de licitadores la puntuación que corresponda en aplicación de la siguiente fórmula:
Se aplicará a las ofertas económicas el siguiente baremo:
A la oferta cuyo porcentaje de baja sea mayor, respecto al precio de licitación, se le adjudicarán 35 puntos.
Las ofertas cuya baja sea del 0% (oferten el precio de licitación), tendrán 0 puntos.
El resto de ofertas puntuarán de acuerdo con la siguiente fórmula:
PA= [(Bn) x 35] / Bx
PA=puntuación asignada a la oferta n.
Bn=baja en % sobre el precio de licitación de la oferta n.
Bx=baja máxima en porcentaje de las presentadas.
Se entiende por porcentaje de baja, aquel que se aplicará sobre todos y cada uno de los precios unitarios, excluido el IVA.
La fórmula elegida para la valoración de las ofertas económicas que presenten las empresas licitadoras no contiene ningún factor de corrección, es la ecuación matemática de la regla de tres, donde, de forma lineal (y sin factores de corrección) se le otorga la máxima puntuación a la oferta más baja y de forma progresiva lineal y proporcional, menores puntuaciones al resto de ofertas que vayan siendo superiores, hasta asignar la puntuación más baja, al precio más alto ofertado. Por ello,"
https://contrataciondelestado.es/sindicacion/licitacionesPerfilContratante/19279453,"Servicio Asistencia Técnica para la Ejecución del Plan de Actuación Integrado de Vinaròs, en el marco del Desarrollo Urbano Sostenible, con cargo al Fondo Europeo de Desarrollo Regional en el periodo de programación 2021-2027.",Sin identificar,Castellón,2026-09-16T13:54:00.405+02:00,2026-04-07 23:59:00,144628.1 EUR,79411000,Planificación urbana; Desarrollo local,98,"desarrollo urbano sostenible, desarrollo urbano",https://contrataciondelestado.es/wps/poc?uri=deeplink:detalle_licitacion&idEvl=w47ybIB2P%2Fuzz8fXU2i3eQ%3D%3D,PLACSP - perfiles,"Servicio Asistencia Técnica para la Ejecución del Plan de Actuación Integrado de Vinaròs, en el marco del Desarrollo Urbano Sostenible, con cargo al Fondo Europeo de Desarrollo Regional en el periodo de programación 2021-2027. | Servicio Asistencia Técnica para la Ejecución del Plan de Actuación Integrado de Vinaròs, en el marco del Desarrollo Urbano Sostenible, con cargo al Fondo Europeo de Desarrollo Regional en el periodo de programación 2021-2027. | España | Id licitación: 918/2026; Órgano de Contratación: Pleno del Ayuntamiento de Vinarós; Importe: 115702.48 EUR; Estado: RES"
https://contrataciondelestado.es/sindicacion/licitacionesPerfilContratante/20446729,"Contrato derivado (7) Lote 3 del Acuerdo Marco para la redacción de proyectos del Servicio de Infraestructuras para la obra ""mejora de la movilidad peatonal en el antiguo tramo de la EP-5005, desde p.q. 11+750 hasta p.q. 12+040. Municipio de Crecente""",Sin identificar,Castellón,2026-09-17T17:41:40.855+02:00,,12166.88 EUR,71000000,Movilidad,56,movilidad peatonal,https://contrataciondelestado.es/wps/poc?uri=deeplink:detalle_licitacion&idEvl=U6oT9bRYkoYXhk1FZxEyvw%3D%3D,PLACSP - perfiles,"Contrato derivado (7) Lote 3 del Acuerdo Marco para la redacción de proyectos del Servicio de Infraestructuras para la obra ""mejora de la movilidad peatonal en el antiguo tramo de la EP-5005, desde p.q. 11+750 hasta p.q. 12+040. Municipio de Crecente"" | Contrato derivado (7) Lote 3 del Acuerdo Marco para la redacción de proyectos del Servicio de Infraestructuras para la obra ""mejora de la movilidad peatonal en el antiguo tramo de la EP-5005, desde p.q. 11+750 hasta p.q. 12+040. Municipio de Crecente"" | España | Id licitación: 2026049734; Órgano de Contratación: Presidencia de la Diputación Provincial de Pontevedra; Importe: 12166.88 EUR; Estado: RES"
https://contrataciondelestado.es/sindicacion/licitacionesPerfilContratante/20481045,Redacción del Plan Especial de Reforma Interior (PERI) del soterramiento y del proyecto básico  de las obras de rehabilitación y cambio de uso de la actual Estación de Ferrocarril de Torrelavega.,Sin identificar,Valencia,2026-09-18T12:12:25.612+02:00,2026-06-22 23:59:00,138000 EUR,71242000,Planificación territorial/urbanística,60,plan especial,https://contrataciondelestado.es/wps/poc?uri=deeplink:detalle_licitacion&idEvl=wio4Cy221YiIzo3LHNPGcQ%3D%3D,PLACSP - perfiles,Redacción del Plan Especial de Reforma Interior (PERI) del soterramiento y del proyecto básico  de las obras de rehabilitación y cambio de uso de la actual Estación de Ferrocarril de Torrelavega. | Redacción del Plan Especial de Reforma Interior (PERI) del soterramiento y del proyecto básico  de las obras de rehabilitación y cambio de uso de la actual Estación de Ferrocarril de Torrelavega. | España | Id licitación: 2026/04811V; Órgano de Contratación: Alcaldía del Ayuntamiento de Torrelavega; Importe: 138000 EUR; Estado: RES
https://contrataciondelestado.es/sindicacion/licitacionesPerfilContratante/19617476,Contratación del servicio para la redacción del Plan Territorial Municipal de Emergencias y otros.,Sin identificar,Alicante,2026-09-23T08:08:21.183+02:00,2026-05-19 23:59:00,95000 EUR,71317000,Planificación territorial/urbanística,70,plan territorial,https://contrataciondelestado.es/wps/poc?uri=deeplink:detalle_licitacion&idEvl=myi3zWFOKyzkY6rls5tG9A%3D%3D,PLACSP - perfiles,Contratación del servicio para la redacción del Plan Territorial Municipal de Emergencias y otros. | Contratación del servicio para la redacción del Plan Territorial Municipal de Emergencias y otros. | España | Id licitación: 86457/2024; Órgano de Contratación: Junta de Gobierno del Ayuntamiento de Torrevieja; Importe: 95000 EUR; Estado: EV
https://contrataciondelestado.es/sindicacion/licitacionesPerfilContratante/20344485,"Servicio de redacción de los proyectos técnicos para las actuaciones comprendidas en el plan de actuación integrado denominado Sant Joan Suma en el marco del Desarrollo Urbano Sostenible, con cargo al Fondo Europeo de Desarrollo Regional en el periodo de programación 2021-2027.",Sin identificar,Alicante,2026-09-28T07:58:14.605+02:00,2026-09-22 15:00:00,842425.99 EUR,"71000000, 71420000, 71242000, 71315300, 71351810, 71247000, 71356100, 71222000, 71332000, 71317200",Planificación urbana; Infraestructura verde; Desarrollo local,100,"desarrollo urbano sostenible, renaturalización, renaturalizacion, desarrollo urbano",https://contrataciondelestado.es/wps/poc?uri=deeplink:detalle_licitacion&idEvl=z9BIw7Z8kqWdkQsA7ROvsg%3D%3D,PLACSP - perfiles,"Servicio de redacción de los proyectos técnicos para las actuaciones comprendidas en el plan de actuación integrado denominado Sant Joan Suma en el marco del Desarrollo Urbano Sostenible, con cargo al Fondo Europeo de Desarrollo Regional en el periodo de programación 2021-2027. | Servicio de redacción de los proyectos técnicos para las actuaciones comprendidas en el plan de actuación integrado denominado Sant Joan Suma en el marco del Desarrollo Urbano Sostenible, con cargo al Fondo Europeo de Desarrollo Regional en el periodo de programación 2021-2027. | España | Para la redacción de los proyectos de los 4 lotes, el Arquitecto/Ingeniero ha de contar con experiencia en redacción de proyectos similares con un mínimo de una obra del mismo o superior PEM a lo largo de la vida profesional. Se entiende por similar aquellos proyectos de obras cuyos 3 primeros dígitos del CPV coincidan con el de las obras proyectadas. Ello con fundamento en la necesidad de garantizar un nivel adecuado de competencia, a tenor de lo dispuesto en el artículo 90.a) de la LCSP. Se acreditará mediante certificados expedidos o visados por el órgano competente cuando el destinatario sea una entidad del sector público; cuando el destinatario sea un sujeto privado mediante un certificado expedido por éste. Igualmente se podrá acreditar con certificados expedidos por el Colegio Profesional correspondiente. En dicho certificado se relacionará el título, objeto y naturaleza del proyecto y dirección de obra, con indicación de presupuesto, superficie construida y uso, así como código correspondiente según el CPV. Los licitadores deberán declarar su solvencia técnica y/o profesional a través de lo cumplimentado en la declaración responsable a presentar; los ganadores deberán, además, acreditarla posteriormente con los con los medios descritos en el PPT. | -Equipo mínimo obligatorio: Arquitecto colegiado o sociedad de arquitectura colegiada o de ingeniero de caminos colegiado o sociedad de ingeniería colegiada, que deberá estar liderado por uno o varios técnicos con titulación homologada en España, habilitante para el ejercicio profesional.
-Para la redacción del Proyecto Básico y del Proyecto de Ejecución, así como para la Dirección de Obra: un técnico que cuente con la titulación habilitante y colegiación oficial correspondiente, la cual se acreditará mediante certificado (original o copia compulsada) de inscripción en el Colegio Profesional competente.
-Para la coordinación de seguridad y salud en fase de Proyecto, técnico con titulación habilitante, que cuente con la titulación y colegiación oficial correspondiente, la cual se acreditará mediante certificado (original o copia compulsada) de inscripción en el Colegio Profesional competente.
-Para el resto de técnicos encargados directamente de la ejecución de los servicios que integran el contrato, título oficial (original o copia compulsada) que acredite la habilitación legal, competencia profesional y/o formación específica en la materia objeto, con currículo profesional justificativo; o en su caso, certificado del Secretario del Colegio Profesional correspondiente que acredite tal circunstancia.


Modo de acreditación: Se presentará declaración jurada del profesional o representante legal de la empresa en la que se relacionen los miembros del equipo técnico con indicación de las titulaciones académicas, comprometiéndose a adscribir a la ejecución del contrato, al que hace referencia el apartado 9 de estas Bases, dichos medios personales (Anexo II). Al efecto se acompañará una descripción de las funciones de cada puesto de trabajo, personal técnico que las desarrolle, experiencia del mismo y dedicación prevista, así como titulación académica y profesional, al menos, del representante del equipo y de los técnicos encargados directamente de la ejecución de los servicios que integran el contrato, incluidos los de aquellos que desarrollen trabajos mediante subcontratación en los términos regulados en los Pliegos. | Declaración sobre el volumen anual de negocios del licitador referido al año de mayor volumen de negocio de los tres últimos concluidos de importe igual o superior al valor estimado del lote o lotes para los que oferta. | Declaración sobre existencia de un seguro de responsabilidad civil por riesgos profesionales por un importe igual o superior al valor estimado del lote o lotes para los que oferta. | Capacidad de obrar | No prohibición para contratar | LOTE 1. PROYECTO 1.1. Regeneración urbana y renaturalización del tramo IV de la Av. Miguel Hernández | LOTE 2. PROYECTO 1.2. Conversión del Parque municipal en refugio climático | -Equipo mínimo obligatorio: Ingeniero de Caminos, Canales y Puertos (o master habilitante) colegiado, un Ingeniero hidráulico (especialista en modelización de redes), un Ingeniero de Estructuras, (cálculo del depósito), un Ingeniero Eléctrico Automatización (para bombeos y sistema SCADA). Deberá estar liderado por uno o varios técnicos con titulación homologada en España, habilitante para el ejercicio profesional.
-Para la redacción del Proyecto Básico y del Proyecto de Ejecución, así como para la Dirección de Obra: un técnico que cuente con la titulación habilitante y colegiación oficial correspondiente, la cual se acreditará mediante certificado (original o copia compulsada) de inscripción en el Colegio Profesional competente.
-Para la coordinación de seguridad y salud en fase de Proyecto, técnico con titulación habilitante, que cuente con la titulación y colegiación oficial correspondiente, la cual se acreditará mediante certificado (original o copia compulsada) de inscripción en el Colegio Profesional competente.
-Para el resto de técnicos encargados directamente de la ejecución de los servicios que integran el contrato, título oficial (original o copia compulsada) que acredite la habilitación legal, competencia profesional y/o formación específica en la materia objeto, con currículo profesional justificativo; o en su caso, certificado del Secretario del Colegio Profesional correspondiente que acredite tal circunstancia.
-El Estudio geotécnico deberá ser realizado por una empresa especializada, liderada por ingeniero o geólogo colegiado.

Modo de acreditación: Se presentará declaración jurada del profesional o representante legal de la empresa en la que se relacionen los miembros del equipo técnico con indicación de las titulaciones académicas, comprometiéndose a adscribir a la ejecución del contrato, al que hace referencia el apartado 9 de estas Bases, dichos medios personales (Anexo II). Al efecto se acompañará una descripción de las funciones de cada puesto de trabajo, personal técnico que las desarrolle, experiencia del mismo y dedicación prevista, así como titulación académica y profesional, al menos, del representante del equipo y de los técnicos encargados directamente de la ejecución de los servicios que integran el contrato, incluidos los de aquellos que desarrollen trabajos mediante subcontratación en los términos regulados en los Pliegos. | LOTE 3. PROYECTO 1.3. Creación de infraestructura de canalización y almacenamiento de agua depurada para su reutilización en el mantenimiento de zonas verdes y calles. | -Equipo mínimo obligatorio: Arquitecto colegiado e Ingeniero Industrial colegiado, con titulación homologada en España, habilitante para el ejercicio profesional.
-Para la redacción del Proyecto Básico y del Proyecto de Ejecución, así como para la Dirección de Obra: un técnico que cuente con la titulación habilitante y colegiación oficial correspondiente, la cual se acreditará mediante certificado (original o copia compulsada) de inscripción en el Colegio Profesional competente.
-Para la coordinación de seguridad y salud en fase de Proyecto, técnico con titulación habilitante, que cuente con la titulación y colegiación oficial correspondiente, la cual se acreditará mediante certificado (original o copia compulsada) de inscripción en el Colegio Profesional competente.
-"
https://contrataciondelestado.es/sindicacion/licitacionesPerfilContratante/20274991,Proyecto de filtración y cloración en Calga. Ayuntamiento de Anievas.,Sin identificar,Alicante,2026-09-28T11:58:16.850+02:00,2026-08-21 13:00:00,63658.1 EUR,45232150,Planificación territorial/urbanística,38,"ordenación del territorio, ordenacion del territorio",https://contrataciondelestado.es/wps/poc?uri=deeplink:detalle_licitacion&idEvl=CjYPRxBMF7GcTfjQf3USOg%3D%3D,PLACSP - perfiles,"Proyecto de filtración y cloración en Calga. Ayuntamiento de Anievas. | Proyecto de filtración y cloración en Calga. Ayuntamiento de Anievas. | España | Id licitación: 4.1.48/26; Órgano de Contratación: Consejería de Fomento, Vivienda, Ordenación del Territorio y Medio Ambiente de la Comunidad Autónoma de Cantabria; Importe: 63658.1 EUR; Estado: RES"
https://contrataciondelestado.es/sindicacion/licitacionesPerfilContratante/20499128,"Mejoras de movilidad para el peatón, pacificación del tráfico y renaturalización de la calle Sant Antoni según criterios del PUAM, el PMUS y de género en el T.M. de Fontanars dels Alforins",Sin identificar,Valencia,2026-09-28T14:23:07.283+02:00,2026-10-05 23:59:00,261792.47 EUR,45233000,Movilidad; Infraestructura verde,84,"pmus, renaturalización, renaturalizacion",https://contrataciondelestado.es/wps/poc?uri=deeplink:detalle_licitacion&idEvl=PnLNmwFxYD75Rey58Yagpg%3D%3D,PLACSP - perfiles,"Mejoras de movilidad para el peatón, pacificación del tráfico y renaturalización de la calle Sant Antoni según criterios del PUAM, el PMUS y de género en el T.M. de Fontanars dels Alforins | Mejoras de movilidad para el peatón, pacificación del tráfico y renaturalización de la calle Sant Antoni según criterios del PUAM, el PMUS y de género en el T.M. de Fontanars dels Alforins | España | Id licitación: 274/2026; Órgano de Contratación: Alcaldía del Ayuntamiento de Fontanars dels Alforins; Importe: 261792.47 EUR; Estado: PUB"
https://contrataciondelestado.es/sindicacion/licitacionesPerfilContratante/19821386,"Servicios de colaboración y asistencia técnica a la Intervención General del
Ayuntamiento de València (IGAV) para la realización de la auditoría de cuentas (financiera) de los Organismos Autónomos Municipales: ""València Sostenible"" (lote 1), ""Parques, Jardines y Biodiversidad Urbana"" (lote 2) y ""Universidad Popular"" (lote 3).",Sin identificar,Valencia,2026-09-30T09:36:24.195+02:00,2026-06-22 23:59:00,75344.8 EUR,79212100,Infraestructura verde,56,biodiversidad urbana,https://contrataciondelestado.es/wps/poc?uri=deeplink:detalle_licitacion&idEvl=2zLZbmCLA687%2B9FIQYNjeQ%3D%3D,PLACSP - perfiles,"Servicios de colaboración y asistencia técnica a la Intervención General del
Ayuntamiento de València (IGAV) para la realización de la auditoría de cuentas (financiera) de los Organismos Autónomos Municipales: ""València Sostenible"" (lote 1), ""Parques, Jardines y Biodiversidad Urbana"" (lote 2) y ""Universidad Popular"" (lote 3). | Servicios de colaboración y asistencia técnica a la Intervención General del
Ayuntamiento de València (IGAV) para la realización de la auditoría de cuentas (financiera) de los Organismos Autónomos Municipales: ""València Sostenible"" (lote 1), ""Parques, Jardines y Biodiversidad Urbana"" (lote 2) y ""Universidad Popular"" (lote 3). | España | LOTE 1: Servicios de auditoria de cuentas (financiera) del O.A.M. “València Sostenible”. | LOTE 2: Servicios de auditoria de cuentas (financiera) del O.A.M. “Parques, Jardines y Biodiversidad Urbana"" | LOTE 3: Servicios de auditoria de cuentas (financiera) del O.A.M. “Universidad Popular”. | Id licitación: 04101/2026/69-SER; Órgano de Contratación: Concejalía Delegada de Contratación del Ajuntament de València; Importe: 69658.4 EUR; Estado: EV"
https://contrataciondelestado.es/sindicacion/licitacionesPerfilContratante/20593679,Servicio de consultoría y asistencia técnica al Ayuntamiento de Torrent para la integración de la Agenda Urbana de Reconstrucción de Torrent,Sin identificar,Valencia,2026-09-30T12:43:20.485+02:00,2026-10-15 23:59:00,60000 EUR,"79111000, 79411000, 79415200",Planificación urbana,86,agenda urbana,https://contrataciondelestado.es/wps/poc?uri=deeplink:detalle_licitacion&idEvl=B8%2FzlkntYkoUqXM96WStVA%3D%3D,PLACSP - perfiles,Servicio de consultoría y asistencia técnica al Ayuntamiento de Torrent para la integración de la Agenda Urbana de Reconstrucción de Torrent | Servicio de consultoría y asistencia técnica al Ayuntamiento de Torrent para la integración de la Agenda Urbana de Reconstrucción de Torrent | España | Id licitación: 28253/2026; Órgano de Contratación: Junta de Gobierno del Ayuntamiento de Torrent; Importe: 60000 EUR; Estado: PUB
https://contrataciondelestado.es/sindicacion/licitacionesPerfilContratante/20611587,"Asistencia técnica para la elaboración del Plan Especial de Área Funcional 17 ""Orriols"" de la ciudad de València y documentos complementarios.",Sin identificar,Valencia,2026-10-02T12:10:52.195+02:00,2026-10-23 23:59:00,144403.41 EUR,"71410000, 71400000",Planificación territorial/urbanística,86,plan especial,https://contrataciondelestado.es/wps/poc?uri=deeplink:detalle_licitacion&idEvl=tEzwTGN%2BeD5q1DdmE7eaXg%3D%3D,PLACSP - perfiles,"Asistencia técnica para la elaboración del Plan Especial de Área Funcional 17 ""Orriols"" de la ciudad de València y documentos complementarios. | Asistencia técnica para la elaboración del Plan Especial de Área Funcional 17 ""Orriols"" de la ciudad de València y documentos complementarios. | España | Id licitación: 490; Órgano de Contratación: Consejo de Administración de S.A.M. Actuaciones Urbanas de Valencia; Importe: 144403.41 EUR; Estado: PUB"
https://contrataciondelestado.es/sindicacion/licitacionesPerfilContratante/19500453,"Adecuación del Plan Especial del Área Funcional 10 ""Nazaret-Cocoteros-Moreras"" de València y documentos complementarios",Sin identificar,Valencia,2026-10-02T12:56:01.285+02:00,2026-05-20 23:59:00,63206.7 EUR,"71410000, 71400000",Planificación territorial/urbanística,56,plan especial,https://contrataciondelestado.es/wps/poc?uri=deeplink:detalle_licitacion&idEvl=tqVNRk2CV0TLIx6q1oPaMg%3D%3D,PLACSP - perfiles,"Adecuación del Plan Especial del Área Funcional 10 ""Nazaret-Cocoteros-Moreras"" de València y documentos complementarios | Adecuación del Plan Especial del Área Funcional 10 ""Nazaret-Cocoteros-Moreras"" de València y documentos complementarios | España | Id licitación: 495; Órgano de Contratación: Consejo de Administración de S.A.M. Actuaciones Urbanas de Valencia; Importe: 63206.7 EUR; Estado: EV"
https://contrataciondelestado.es/sindicacion/licitacionesPerfilContratante/19111547,Servicios para la revisión del Plan General de Ordenación,Sin identificar,Alicante,2026-10-02T14:31:58.880+02:00,2026-03-24 23:59:00,956938.61 EUR,"71400000, 71410000, 90712100, 90712000",Planificación territorial/urbanística,66,plan general,https://contrataciondelestado.es/wps/poc?uri=deeplink:detalle_licitacion&idEvl=bnKZGUqfwrdq1DdmE7eaXg%3D%3D,PLACSP - perfiles,Servicios para la revisión del Plan General de Ordenación | Servicios para la revisión del Plan General de Ordenación | España | Id licitación: CC2026/23; Órgano de Contratación: Junta de Gobierno del Ayuntamiento de Oviedo; Importe: 869944.19 EUR; Estado: ADJ
https://contrataciondelestado.es/sindicacion/licitacionesPerfilContratante/19949463,Contratación del servicio de consultoría para la realización del estudio de transporte público en el municipio de Aranjuez,Sin identificar,Alicante,2026-10-05T11:14:05.905+02:00,2026-07-14 23:59:00,29917.35 EUR,71311200,Movilidad,76,"transporte público, transporte publico",https://contrataciondelestado.es/wps/poc?uri=deeplink:detalle_licitacion&idEvl=OsvKRTTCIzZJ8Trn0ZPzLw%3D%3D,PLACSP - perfiles,Contratación del servicio de consultoría para la realización del estudio de transporte público en el municipio de Aranjuez | Contratación del servicio de consultoría para la realización del estudio de transporte público en el municipio de Aranjuez | España | Id licitación: CON 24/2026 SE ABS; Órgano de Contratación: Junta de Gobierno del Ayuntamiento de Aranjuez; Importe: 29917.35 EUR; Estado: EV
https://contrataciondelestado.es/sindicacion/licitacionesPerfilContratante/18154832,"Establecimiento de Sistema Dinámico de Adquisición  de servicios de protección de datos, Consultoría en gestión y cumplimiento normativo, Servicios jurídicos, Servicios de ingeniería, Consultoría e ingeniería ambiental, Consultoría técnica en construcción y arquitectura, Servicios de asistencia técnica especializada, Asesoría medioambiental",Sin identificar,Valencia,2026-10-05T12:08:07.778+02:00,2030-10-14 23:59:00,500000 EUR,"71000000, 79300000, 79100000, 79200000, 79400000, 71300000, 71800000, 72200000, 79000000, 80000000, 71200000, 72300000, 73000000, 79700000, 98200000, 72100000, 79600000, 79900000, 71700000, 71400000, 71500000, 71600000, 72000000, 75000000",Planificación urbana,54,"planificación urbana, planificacion urbana",https://contrataciondelestado.es/wps/poc?uri=deeplink:detalle_licitacion&idEvl=tHAmFkZUl7keIBJRHQiPkQ%3D%3D,PLACSP - perfiles,"Establecimiento de Sistema Dinámico de Adquisición  de servicios de protección de datos, Consultoría en gestión y cumplimiento normativo, Servicios jurídicos, Servicios de ingeniería, Consultoría e ingeniería ambiental, Consultoría técnica en construcción y arquitectura, Servicios de asistencia técnica especializada, Asesoría medioambiental | Establecimiento de Sistema Dinámico de Adquisición  de servicios de protección de datos, Consultoría en gestión y cumplimiento normativo, Servicios jurídicos, Servicios de ingeniería, Consultoría e ingeniería ambiental, Consultoría técnica en construcción y arquitectura, Servicios de asistencia técnica especializada, Asesoría medioambiental | España | 98200000-Servicios de asesoramiento sobre igualdad de oportunidades. | 80000000-Servicios de enseñanza y formación. | 79400000-Servicios de consultoría comercial y de gestión y servicios afines. | 72200000-Servicios de programación de «software» y de consultoría. | 79900000-Servicios comerciales diversos y otros servicios conexos. | 79300000-Investigación mercadotécnica y económica; sondeos y estadísticas. | 79000000-Servicios a empresas: legislación, mercadotecnia, asesoría, selección de personal, imprenta y seguridad. | 72000000-Servicios TI: consultoría, desarrollo de software, Internet y apoyo. | 72300000-Servicios relacionados con datos. | 79100000-Servicios jurídicos. | 71200000-Servicios de arquitectura y servicios conexos. | 79700000-Servicios de investigación y seguridad. | 72100000-Servicios de consultoría en equipo informático. | 71400000-Servicios de planificación urbana y de arquitectura paisajística. | 79600000-Servicios de contratación. | 71700000-Servicios de monitorización y control. | 73000000-Servicios de investigación y desarrollo y servicios de consultoría conexos. | 71300000-Servicios de ingeniería. | 79200000-Servicios de contabilidad, de auditoría y fiscales. | 75000000-Servicios de administración pública, defensa y servicios de seguridad social. | 71500000-Servicios relacionados con la construcción. | 71600000-Servicios de ensayo, análisis y consultoría técnicos. | 71800000-Servicios de consultoría en suministro de agua y en materia de desechos. | Id licitación: SDASAG2025-05; Órgano de Contratación: Dirección General Societat Anonima de Gestió Sagunt Mitja Propi Municipal S.A.; Importe: 0 EUR; Estado: EV"
https://contrataciondelestado.es/sindicacion/licitacionesPerfilContratante/19831283,"Asistencia técnica para elaboración y ejecución del Plan de Comunicación de la Estrategia de Desarrollo Integrado Local (EDIL) Algeciras Conecta. PAI: Bajadilla-Colinas, en el marco de desarrollo urbano sostenible cofinanciado por la Unión Europea a través del Fondo Europeo de Desarrollo Regional (FEDER) en el periodo de programación 2021-2027.",Sin identificar,Valencia,2026-10-05T18:45:25.941+02:00,2026-06-23 23:59:00,198347.08 EUR,79341400,Planificación urbana; Desarrollo local,94,"desarrollo urbano sostenible, desarrollo urbano",https://contrataciondelestado.es/wps/poc?uri=deeplink:detalle_licitacion&idEvl=oIL4jN6kSZjzAq95uGTrDQ%3D%3D,PLACSP - perfiles,"Asistencia técnica para elaboración y ejecución del Plan de Comunicación de la Estrategia de Desarrollo Integrado Local (EDIL) Algeciras Conecta. PAI: Bajadilla-Colinas, en el marco de desarrollo urbano sostenible cofinanciado por la Unión Europea a través del Fondo Europeo de Desarrollo Regional (FEDER) en el periodo de programación 2021-2027. | Asistencia técnica para elaboración y ejecución del Plan de Comunicación de la Estrategia de Desarrollo Integrado Local (EDIL) Algeciras Conecta. PAI: Bajadilla-Colinas, en el marco de desarrollo urbano sostenible cofinanciado por la Unión Europea a través del Fondo Europeo de Desarrollo Regional (FEDER) en el periodo de programación 2021-2027. | España | Id licitación: 18731/2026; Órgano de Contratación: Alcaldía del Ayuntamiento de Algeciras; Importe: 49586.77 EUR; Estado: RES"
https://contrataciondelestado.es/sindicacion/licitacionesPerfilContratante/20248388,"Servicio de consultoría técnica para la revisión del PUAM, revisión del PMUS y preparación de fichas técnico-financieras de proyectos.",Sin identificar,Valencia,2026-10-06T09:19:10.993+02:00,2026-08-19 23:59:00,15289.26 EUR,73000000,Movilidad,35,pmus,https://contrataciondelestado.es/wps/poc?uri=deeplink:detalle_licitacion&idEvl=q%2F72M5G15fhVq4S9zvaQpQ%3D%3D,PLACSP - perfiles,"Servicio de consultoría técnica para la revisión del PUAM, revisión del PMUS y preparación de fichas técnico-financieras de proyectos. | Servicio de consultoría técnica para la revisión del PUAM, revisión del PMUS y preparación de fichas técnico-financieras de proyectos. | España | Id licitación: 766/2026; Órgano de Contratación: Alcaldía del Ayuntamiento de Bonrepòs i Mirambell; Importe: 15289.26 EUR; Estado: EV"
https://contrataciondelestado.es/sindicacion/licitacionesPerfilContratante/20658787,"Aprovechamiento de madera y su enajenación, en el monte de Utilidad Pública V-57 Solana y Campo de las Herrerías, conforme a lo dispuesto en el Plan Especial de la Ordenación vigente para el periodo 2019-2028",Sin identificar,Valencia,2026-10-06T12:50:26.093+02:00,2026-10-22 23:59:00,45876.04 EUR,03410000,Planificación territorial/urbanística; Desarrollo local,90,"plan especial, desarrollo rural",https://contrataciondelestado.es/wps/poc?uri=deeplink:detalle_licitacion&idEvl=sGSPqxUMFFR%2BF6L2uCfUWg%3D%3D,PLACSP - perfiles,"Aprovechamiento de madera y su enajenación, en el monte de Utilidad Pública V-57 Solana y Campo de las Herrerías, conforme a lo dispuesto en el Plan Especial de la Ordenación vigente para el periodo 2019-2028 | Aprovechamiento de madera y su enajenación, en el monte de Utilidad Pública V-57 Solana y Campo de las Herrerías, conforme a lo dispuesto en el Plan Especial de la Ordenación vigente para el periodo 2019-2028 | España | A petición del adjudicatario podrá prorrogarse el presente contrato por espacios de tiempo equivalentes al período inicial, y hasta un máximo de ocho períodos, por el tiempo indispensable y suficiente para la adecuada explotación del aprovechamiento a juicio de los servicios territoriales de la Conselleria de Agricultura, Desarrollo Rural, Emergencia Climática y Transición Ecológica, si el resultado de la explotación hiciera aconsejable esta medida.
La posibilidad de prórroga deberá estar suficientemente motivada en razones de interés público y únicamente se atenderá siempre que se solicite antes de la finalización del plazo inicial, o de los sucesivos períodos prorrogados. | Id licitación: 260/2026; Órgano de Contratación: Alcaldía del Ayuntamiento de Sinarcas; Importe: 45876.04 EUR; Estado: PUB"
https://contrataciondelestado.es/sindicacion/licitacionesPerfilContratante/20292164,"Obra consistente en la ejecución de las contenidas en el Proyecto denominado ""Proyecto de Reforma y acondicionamiento del Local Social El Peñón, en el Municipio de Puerto de la Cruz.",Sin identificar,Castellón,2026-10-06T14:32:52.457+02:00,2026-09-03 23:59:00,133588.55 EUR,45000000,Planificación urbana,34,agenda urbana,https://contrataciondelestado.es/wps/poc?uri=deeplink:detalle_licitacion&idEvl=tTMJt5uT8jvgL1BHd3qjQA%3D%3D,PLACSP - perfiles,"Obra consistente en la ejecución de las contenidas en el Proyecto denominado ""Proyecto de Reforma y acondicionamiento del Local Social El Peñón, en el Municipio de Puerto de la Cruz. | Obra consistente en la ejecución de las contenidas en el Proyecto denominado ""Proyecto de Reforma y acondicionamiento del Local Social El Peñón, en el Municipio de Puerto de la Cruz. | España | Id licitación: 12398/2026; Órgano de Contratación: Concejal del Área de Ciudad Sostenible, Agenda Urbana, Participación Ciudadana e Igualdad del Ayuntamiento de Puerto de la Cruz; Importe: 133588.55 EUR; Estado: EV"
https://contrataciondelestado.es/sindicacion/licitacionesPerfilContratante/20622714,Levantamientos topográficos de exteriores y edificaciones para la redacción de proyectos de Adecuación y Mejora de la Red de Jardines Botánicos de Andalucía,Sin identificar,Castellón,2026-10-06T18:23:36.976+02:00,2026-10-23 10:00:00,63914.26 EUR,71351810,Cambio climático,58,paces,https://contrataciondelestado.es/wps/poc?uri=deeplink:detalle_licitacion&idEvl=xLfXV55vNgs%2B1TMyIiZmzw%3D%3D,PLACSP - perfiles,"Levantamientos topográficos de exteriores y edificaciones para la redacción de proyectos de Adecuación y Mejora de la Red de Jardines Botánicos de Andalucía | Levantamientos topográficos de exteriores y edificaciones para la redacción de proyectos de Adecuación y Mejora de la Red de Jardines Botánicos de Andalucía | España | El plazo de vigencia del presente contrato contará a partir de la fecha de la última firma del contrato, sin perjuicio de las ampliaciones del plazo que conceda el Órgano de Contratación, previa justificación del contratista en la que indique que el retraso no le es imputable, y manteniendo el resto de las condiciones contractuales invariables. | Medios personales Declaración responsable suscrita electrónicamente por el representante legal de la empresa licitante en la que se compromete a poner a disposición de la realización de los trabajos el siguiente personal para ejecutar el contrato: - Grado o Ingeniero Técnico en Topografía para la firma de los anejos de topografía finales que contienen los trabajos especificados en el pliego. - Piloto con Licencia / certificación de Piloto Remoto de UAS en vigor, conforme a lo establecido en el Reglamento (UE) 2019/947, del Parlamento Europeo y del Consejo, relativo a las normas y procedimientos aplicables a la utilización de aeronaves no tripuladas. Los pilotos extranjeros deben estar autorizados expresa de la AESA / DGAC para realizar este trabajo, y ser capaces de comunicarse en castellano. Medios materiales Declaración responsable suscrita por el representante legal de la empresa licitante de que dispone de: - Al menos de un Dron que cumple con los requisitos establecidos en el Pliego de Prescripciones Técnicas Particulares para realización de los trabajos de levantamiento: Sistema de Posicionamiento Global Diferencial (DGPS): Sistema que permita la planificar, monitorear el vuelo y permita el volcado del vuelo fotogramétrico con UAV con precisión centimétrica (± 1.5 cm) y sistema LIDAR L1. - Al menos de equipo GPS con dos receptores, bifrecuencia en tiempo real (RTK) y precisión centimétrica (± 1.5 cm) con multiconstelación. El licitador presentará documento de DECLARACIÓN RESPONSABLE DE CUMPLIMIENTO DE LOS REQUISITOS MÍNIMOS PARA SER ADMITIDO A LA LICITACIÓN firmado electrónicamente por el representante legal de la empresa licitante en formato Adobe. Para generar dicho documento se utilizará la plantilla que se anexa. El documento se presentará a través de la herramienta de preparación y presentación de ofertas de la PLACSP-Ver PCAP (Punto E.1 del anexo I, Requisitos que acreditar). | Declaración responsable firmada electrónicamente por el representante legal de la empresa licitante que indique que ha realizado trabajos similares (mismo CPV) a los del objeto del contrato por un importe de al menos 10.000 euros en el mejor año de los últimos tres años disponibles (2023-2024-2025).

El licitador presentará documento de DECLARACIÓN RESPONSABLE DE CUMPLIMIENTO DE LOS REQUISITOS MÍNIMOS PARA SER ADMITIDO A LA LICITACIÓN firmado electrónicamente por el representante legal de la empresa licitante en formato Adobe. Para generar dicho documento se utilizará la plantilla que se anexa. El documento se presentará a través de la herramienta de preparación y presentación de ofertas de la PLACSP-Ver PCAP (Punto E.1 del anexo I, Requisitos que acreditar). | Declaración responsable firmada electrónicamente por el representante legal de la empresa licitante que indique que su cifra anual de negocio es de al menos 11.200 euros en el mejor año de los últimos tres años disponibles (2023-2024-2025).

El licitador presentará documento de DECLARACIÓN RESPONSABLE DE CUMPLIMIENTO DE LOS REQUISITOS MÍNIMOS PARA SER ADMITIDO A LA LICITACIÓN firmado electrónicamente por el representante legal de la empresa licitante en formato Adobe. Para generar dicho documento se utilizará la plantilla que se anexa. El documento se presentará a través de la herramienta de preparación y presentación de ofertas de la PLACSP-Ver PCAP (Punto E.1 del anexo I, Requisitos que acreditar). | Plazo de inicio de los trabajos múltiples del lote compuestos por más de un jardín Lote 1 | Se otorgarán 3+3= 6 puntos a la oferta que proponga los menores plazos de fecha de inicio entre los trabajos del lote que supone los trabajos de topografía individual del 1º, 2º y 3º jardín entre ellos, con cero puntos las que igualen el plazo máximo establecido por Tragsatec, valorándose el resto de ofertas conforme al resultado de la fórmula que se describe en el punto I.1 del anexo I del PCAP. Se adjudicará a la oferta que resulte con mayor puntuación tras la suma de todos los criterios establecidos. 

El licitador presentará oferta firmada electrónicamente por el representante legal de la empresa licitante en formato adobe a través de la herramienta de preparación y presentación de ofertas de la PLACSP. Para generar dicho documento se utilizará la plantilla que se adjunta para el Sobre Electrónico Único | Plazo de inicio de los Trabajos topográficos individuales por jardín Lote 1 | Se otorgarán 6 puntos a la oferta que proponga el menor plazo de fecha de inicio de los trabajos de topografía individual por jardín, con cero puntos las que igualen el plazo máximo establecido por Tragsatec, valorándose el resto de ofertas conforme al resultado de la fórmula que se describe en el punto I.1 del anexo I del PCAP. Se adjudicará a la oferta que resulte con mayor puntuación tras la suma de todos los criterios establecidos. 

El licitador presentará oferta firmada electrónicamente por el representante legal de la empresa licitante en formato adobe a través de la herramienta de preparación y presentación de ofertas de la PLACSP. Para generar dicho documento se utilizará la plantilla que se adjunta para el Sobre Electrónico Único | Plazo de entrega de los trabajos de topografía individuales por jardín (anejo topográfico) Lote 1 | Se otorgarán 24 puntos a la oferta que proponga el menor plazo de entrega de los trabajos de topografía (anejo topográfico), con cero puntos las que igualen el plazo máximo establecido por Tragsatec, valorándose el resto de ofertas conforme al resultado de la fórmula que se describe en el punto I.1 del anexo I del PCAP. Se adjudicará a la oferta que resulte con mayor puntuación tras la suma de todos los criterios establecidos. 

El licitador presentará oferta firmada electrónicamente por el representante legal de la empresa licitante en formato adobe a través de la herramienta de preparación y presentación de ofertas de la PLACSP. Para generar dicho documento se utilizará la plantilla que se adjunta para el Sobre Electrónico Único | Lote 1: Topografías Lote 1 
Código, centro:
TOPO1, J.B. El Aljibe. Alcalá de los Gazules. Cádiz
TOPO2, J.B. El Castillejo. El Bosque. Cádiz
TOPO3, J.B. San Fernando. San Fernando. Cádiz | Declaración responsable firmada electrónicamente por el representante legal de la empresa licitante que indique que ha realizado trabajos similares (mismo CPV) a los del objeto del contrato por un importe de al menos 1.700 euros en el mejor año de los últimos tres años disponibles (2023-2024-2025). El licitador presentará documento de DECLARACIÓN RESPONSABLE DE CUMPLIMIENTO DE LOS REQUISITOS MÍNIMOS PARA SER ADMITIDO A LA LICITACIÓN firmado electrónicamente por el representante legal de la empresa licitante en formato Adobe. Para generar dicho documento se utilizará la plantilla que se anexa. El documento se presentará a través de la herramienta de preparación y presentación de ofertas de la PLACSP-Ver PCAP (Punto E.1 del anexo I, Requisitos que acreditar). | Declaración responsable firmada electrónicamente por el representante legal de la empresa licitante que indique que su cifra anual de negocio es de al menos 2.500 euros en el mejor año de los últimos tres años disponibles (2023-2024-2025). El licitador presentará documento de DECLARACIÓN RESPONSABLE DE CUMPLIMIENTO DE LOS REQUISITOS MÍNIMOS PARA SER ADMITID"
https://contrataciondelestado.es/sindicacion/licitacionesPerfilContratante/20233106,"Contrato de servicios de asistencia tecnica externa de apoyo a Unidad de Gestion del Plan de Actuacion Integrado del Ayuntamiento de Aljaraque, Organismo Intermedio Ligero FEDER 2021-2027,en el marco del desarrollo urbano sostenible y de las ayudas reguladas por la Orden HAC/1072/2024, cofinanciada por la Union Europea a través del Fondo Europeo de Desarrollo Regional,FEDER 2021-2027(Plan EDIL)",Sin identificar,Alicante,2026-10-07T13:31:37.263+02:00,2026-08-21 19:00:00,215000 EUR,"71356200, 73220000, 79411000, 79342200, 72224000, 79416000, 71356300",Planificación urbana; Desarrollo local,98,"desarrollo urbano sostenible, desarrollo urbano",https://contrataciondelestado.es/wps/poc?uri=deeplink:detalle_licitacion&idEvl=F%2BYuZvBDnkpq1DdmE7eaXg%3D%3D,PLACSP - perfiles,"Contrato de servicios de asistencia tecnica externa de apoyo a Unidad de Gestion del Plan de Actuacion Integrado del Ayuntamiento de Aljaraque, Organismo Intermedio Ligero FEDER 2021-2027,en el marco del desarrollo urbano sostenible y de las ayudas reguladas por la Orden HAC/1072/2024, cofinanciada por la Union Europea a través del Fondo Europeo de Desarrollo Regional,FEDER 2021-2027(Plan EDIL) | Contrato de servicios de asistencia tecnica externa de apoyo a Unidad de Gestion del Plan de Actuacion Integrado del Ayuntamiento de Aljaraque, Organismo Intermedio Ligero FEDER 2021-2027,en el marco del desarrollo urbano sostenible y de las ayudas reguladas por la Orden HAC/1072/2024, cofinanciada por la Union Europea a través del Fondo Europeo de Desarrollo Regional,FEDER 2021-2027(Plan EDIL) | España | Id licitación: Expte 8359/2026 Asistencia tecnica PAI; Órgano de Contratación: Alcaldía del Ayuntamiento de Aljaraque; Importe: 215000 EUR; Estado: EV"
https://contrataciondelestado.es/sindicacion/licitacionesPerfilContratante/20031628,contratacion del servicio de asistencia tecnica para la redacción del Plan General de Ordenación Municipal PGOM y del Plan POU,Sin identificar,Valencia,2026-10-07T13:48:30.085+02:00,2026-08-14 23:59:00,289256.2 EUR,71410000,Planificación territorial/urbanística,72,plan general,https://contrataciondelestado.es/wps/poc?uri=deeplink:detalle_licitacion&idEvl=80aPPYr93hmOUi78BmzhOQ%3D%3D,PLACSP - perfiles,contratacion del servicio de asistencia tecnica para la redacción del Plan General de Ordenación Municipal PGOM y del Plan POU | contratacion del servicio de asistencia tecnica para la redacción del Plan General de Ordenación Municipal PGOM y del Plan POU | España | Id licitación: 205/2026; Órgano de Contratación: Pleno del Ayuntamiento de Gádor; Importe: 289256.2 EUR; Estado: EV
https://contrataciondelestado.es/sindicacion/licitacionesPerfilContratante/20365537,Servicios para la redacción del plan de ordenación pormenorizada (POP) del suelo urbano y actualización de la agenda urbana local de Quart de Poblet.,Sin identificar,Valencia,2026-10-07T14:17:39.738+02:00,2026-10-01 23:59:00,249513.25 EUR,"71356400, 71210000, 71410000",Planificación urbana,92,"agenda urbana, agenda urbana local",https://contrataciondelestado.es/wps/poc?uri=deeplink:detalle_licitacion&idEvl=%2BSp5ikZPSVbmnwcj%2BxbdTg%3D%3D,PLACSP - perfiles,Servicios para la redacción del plan de ordenación pormenorizada (POP) del suelo urbano y actualización de la agenda urbana local de Quart de Poblet. | Servicios para la redacción del plan de ordenación pormenorizada (POP) del suelo urbano y actualización de la agenda urbana local de Quart de Poblet. | España | Id licitación: 2633504W; Órgano de Contratación: Alcaldía del Ayuntamiento de Quart de Poblet; Importe: 249513.25 EUR; Estado: EV
https://contrataciondelestado.es/sindicacion/licitacionesPerfilContratante/19715254,Servicios de elaboración de Instrumentos de Planeamiento Urbanístico General (programa provincial de Planeamiento Urbanístico 2025) destinado a municipios de la provincia de Salamanca iguales o menores de 20.000 habitantes.,Sin identificar,Castellón,2026-10-08T08:52:28.692+02:00,2026-06-17 23:59:00,359176.86 EUR,"71410000, 71420000, 71356400",Planificación territorial/urbanística,76,"planeamiento urbanístico, planeamiento urbanistico",https://contrataciondelestado.es/wps/poc?uri=deeplink:detalle_licitacion&idEvl=f9mCbWIhLs%2FECtSnloz%2BZQ%3D%3D,PLACSP - perfiles,Servicios de elaboración de Instrumentos de Planeamiento Urbanístico General (programa provincial de Planeamiento Urbanístico 2025) destinado a municipios de la provincia de Salamanca iguales o menores de 20.000 habitantes. | Servicios de elaboración de Instrumentos de Planeamiento Urbanístico General (programa provincial de Planeamiento Urbanístico 2025) destinado a municipios de la provincia de Salamanca iguales o menores de 20.000 habitantes. | España | San Cristóbal de la Cuesta | Ejeme | Navacarros | Cantalapiedra | Aldearrubia | Pereña de la Ribera | El Maíllo | Fuenterroble de Salvatierra | El Cubo de Don Sancho | Pedrosillo de los Aires | Gajates | Villaverde de Guareña | Barbalos | Hinojosa de Duero | Miranda del Castañar | San Pedro de Rozados | Id licitación: 26P.2.1.0012; Órgano de Contratación: Presidencia de la Diputación Provincial de Salamanca; Importe: 359176.86 EUR; Estado: EV
https://contrataciondelestado.es/sindicacion/licitacionesPerfilContratante/20262223,"Servicios de mantenimiento y conservación de los espacios verdes, áreas caninas y arbolado urbano de Las Palmas de Gran Canaria con criterios sociales y ambientales para contribuir al desarrollo sostenible, incluyendo asistencia técnica especializada para el control de calidad del servicio",Sin identificar,Alicante,2026-10-09T10:56:36.040+02:00,2026-10-05 15:00:00,130656837.92 EUR,"77311000, 71313000, 77310000, 77340000, 71600000, 77211500",Infraestructura verde,66,arbolado urbano,https://contrataciondelestado.es/wps/poc?uri=deeplink:detalle_licitacion&idEvl=Wz%2BNGOgtkwVxseVhcqrkhw%3D%3D,PLACSP - perfiles,"Servicios de mantenimiento y conservación de los espacios verdes, áreas caninas y arbolado urbano de Las Palmas de Gran Canaria con criterios sociales y ambientales para contribuir al desarrollo sostenible, incluyendo asistencia técnica especializada para el control de calidad del servicio | Servicios de mantenimiento y conservación de los espacios verdes, áreas caninas y arbolado urbano de Las Palmas de Gran Canaria con criterios sociales y ambientales para contribuir al desarrollo sostenible, incluyendo asistencia técnica especializada para el control de calidad del servicio | España | Sí, según apartado E, del cuadro resumen del PCAP | Oferta Económica.- Canon fino | Según apartado H, del cuadro resumen del PCAP | Gestión de calidad y medioambiente | organización y gestión de los recursos humanos y materiales, vehículos y maquinaria | Oferta Económica.- Canon variable | Análisis técnico y propuesta actuaciones en los espacios verdes | Gestión y mitigación del riesgo del arbolado y palmeras | Plan de comunicación y atención a la ciudadanía | Actuaciones complementarias al servicio | Horas de cuadrilla de apoyo | Servicio de mantenimiento y conservación de espacios verdes, áreas caninas y arbolado urbano
correspondiente a los distritos de Vegueta-Cono Sur-Tafira, Centro y Puerto-Canteras | Oferta Económica.- Canon fijno | Servicio de mantenimiento y conservación de espacios verdes, áreas caninas y arbolado urbano
correspondiente a los distritos de Ciudad Alta y Tamaraceite-San Lorenzo | Proposición económica | Metodología para realización trabajos de supervisión de la gestión de seguridad del arbolado , etc, | mejora de cualificación segundo inspector con formación específica en arboricultura | Metodología de control de calidad | Experiencia Responsable Técnico control calidad.-experiencia =o + 3 años, 5 puntos, de 2 años 3 puntos y de 1 año 1 punto | Servicio de asistencia técnica especializada y control de calidad de los Lotes 1 y 2 | Id licitación: 30/26-S; Órgano de Contratación: Junta de Gobierno del Ayuntamiento de Las Palmas de Gran Canaria; Importe: 90271518.3 EUR; Estado: EV"
